<?xml version='1.0' encoding='utf-8' standalone='yes' ?>
<map>
    <boolean name="prefs_banner_first_time" value="false" />
    <boolean name="semc_media_store_column_somc_date_taken_available" value="false" />
    <boolean name="semc_media_store_column_file_type_available" value="false" />
    <boolean name="prefs_show_drawer_hint" value="false" />
    <boolean name="semc_media_store_column_user_rating_available" value="false" />
    <string name="banner_contents_type">banner_recommend</string>
    <int name="persistent_nbr_of_columns" value="3" />
    <string name="album_theme">dark</string>
    <boolean name="semc_media_store_column_file_link_path_available" value="false" />
    <boolean name="semc_media_store_column_file_hash_available" value="false" />
    <int name="app_version" value="19660813" />
    <string name="cast_image_quality">0</string>
    <string name="build_version">CendrawasihTV</string>
    <boolean name="semc_media_store_column_is_hdr_available" value="false" />
</map>
