<?xml version='1.0' encoding='utf-8' standalone='yes' ?>
<map>
    <boolean name="com.viki.android" value="true" />
    <boolean name="id.nf21.rbn1" value="true" />
    <boolean name="iflix.play" value="true" />
    <boolean name="com.spotify.tv.android" value="true" />
    <boolean name="org.xbmc.kodi" value="true" />
    <boolean name="com.niklabs.pp" value="true" />
    <boolean name="com.iptv.dunia" value="true" />
    <boolean name="com.redstream.app" value="true" />
    <boolean name="com.liskovsoft.videomanager" value="true" />
</map>
