<?xml version='1.0' encoding='utf-8' standalone='yes' ?>
<map>
    <long name="timemillis" value="1420157359916" />
    <int name="lastMode" value="2" />
    <boolean name="showService" value="false" />
    <boolean name="isCacheOptimization" value="true" />
    <boolean name="showLuncher" value="false" />
    <boolean name="autoBoostNotification" value="false" />
    <int name="interval" value="0" />
    <int name="cacheinterval" value="0" />
    <boolean name="showWidget" value="false" />
    <boolean name="mute" value="true" />
    <int name="themeIndex" value="1" />
    <boolean name="isAutoOptimization" value="true" />
</map>
