<?xml version='1.0' encoding='utf-8' standalone='yes' ?>
<map>
    <string name="id.nf21.rbn1">1420070459441,Woken,0,-1,activity,id.nf21.rbn1/.activities.Splash</string>
    <string name="com.gilzcleaner.app">1593623845332,Woken,0,-1,activity,com.gilzcleaner.app/com.rambooster.ram.ramcleanes.MainActivity</string>
    <string name="cm.aptoidetv.pt">1593623940369,Woken,0,-1,activity,cm.aptoidetv.pt/.activity.MainActivity</string>
    <string name="com.vidio.android.tv">1420072259727,Woken,0,-1,activity,com.vidio.android.tv/.splashscreen.SplashScreenActivity</string>
    <string name="me.kuder.diskinfo.pro">1593624000729,Woken,0,1000,broadcast,me.kuder.diskinfo.pro/me.kuder.diskinfo.widget.DiskInfoWidget,#Intent;action=android.appwidget.action.APPWIDGET_ENABLED;component=me.kuder.diskinfo.pro/me.kuder.diskinfo.widget.DiskInfoWidget;end</string>
    <string name="com.estrongs.android.pop.pro">1420070494222,Woken,0,-1,activity,com.estrongs.android.pop.pro/com.estrongs.android.pop.view.FileExplorerActivity</string>
</map>
