<?xml version='1.0' encoding='utf-8' standalone='yes' ?>
<map>
    <string name="app_instance_id">93f9260409b02bdaac162224fae16694</string>
    <string name="gmp_app_id">1:200242606085:android:5167a265c85e6198</string>
    <long name="time_active" value="53308" />
    <boolean name="has_been_opened" value="true" />
    <long name="first_open_time" value="1420070547897" />
    <boolean name="deferred_analytics_collection" value="false" />
    <long name="last_upload_attempt" value="0" />
    <boolean name="use_service" value="false" />
    <long name="health_monitor:start" value="1420070435187" />
    <long name="last_pause_time" value="1593628044775" />
    <long name="midnight_offset" value="28509336" />
    <long name="last_upload" value="1593627992557" />
    <boolean name="start_new_session" value="false" />
    <string name="previous_os_version">6.0.1</string>
</map>
