<?xml version='1.0' encoding='utf-8' standalone='yes' ?>
<map>
    <string name="working_mode">root</string>
    <boolean name="doze_otg_xposed" value="false" />
    <boolean name="gcm" value="false" />
    <boolean name="telephony_wakeup" value="false" />
    <boolean name="system_apps_limited" value="true" />
    <boolean name="quick_action_notification" value="false" />
    <boolean name="timer_coalescing" value="false" />
    <boolean name="system_apps" value="false" />
    <boolean name="keep_notifications" value="false" />
    <boolean name="ignore_background_free" value="true" />
    <boolean name="super_doze" value="false" />
    <boolean name="keep_notifications_limited" value="false" />
    <boolean name="reveal_hidden_sync" value="false" />
</map>
