<?xml version='1.0' encoding='utf-8' standalone='yes' ?>
<map>
    <set name="package:com.google.android.syncadapters.contacts">
        <string>label=Google Contacts Sync</string>
    </set>
    <set name="package:com.google.android.tts">
        <string>label=Google Text-to-speech Engine</string>
    </set>
    <set name="package:com.netflix.mediaclient">
        <string>label=Netflix</string>
    </set>
    <set name="package:com.zte.iptvclient.android.idmnc">
        <string>label=MNC Now</string>
    </set>
    <set name="package:org.xbmc.kodi">
        <string>label=Kodi</string>
    </set>
    <boolean name="migrationDone" value="true" />
    <set name="package:iflix.play">
        <string>label=iflix</string>
    </set>
    <set name="package:com.liskovsoft.videomanager.kids">
        <string>label=Kids YouTube TV</string>
    </set>
    <set name="package:com.player.zaltv">
        <string>label=ZalTV</string>
    </set>
    <set name="package:com.viki.android">
        <string>label=Viki</string>
    </set>
    <set name="package:com.redstream.app">
        <string>label=RedBoxTV</string>
    </set>
    <set name="package:com.spotify.tv.android">
        <string>label=Spotify</string>
    </set>
    <set name="package:com.cmcm.cleanmaster.tv">
        <string>label=cleanXperience</string>
    </set>
    <set name="package:com.ams.reboot">
        <string>label=Reboot</string>
    </set>
    <set name="package:com.dutafilm.online">
        <string>label=Dutafilm</string>
    </set>
    <set name="package:com.dv.adm.pay">
        <string>label=ADM Pro</string>
    </set>
    <set name="package:com.iptv.dunia">
        <string>label=IPTV - TV Live World</string>
    </set>
    <set name="package:com.estrongs.android.pop.pro">
        <string>label=ES File Explorer Pro</string>
    </set>
    <set name="package:com.niklabs.pp">
        <string>label=Perfect Player</string>
    </set>
    <set name="package:com.speedsoftware.rootexplorer">
        <string>label=Root Explorer</string>
    </set>
    <set name="package:com.nordvpn.android">
        <string>label=NordVPN</string>
    </set>
    <set name="package:id.nf21.rbn1">
        <string>label=NF21</string>
    </set>
    <set name="package:me.kuder.diskinfo.pro">
        <string>label=DiskInfo PRO</string>
    </set>
    <set name="package:com.vidio.android.tv">
        <string>label=Vidio</string>
    </set>
    <set name="package:com.gilzcleaner.app">
        <string>label=Cleaner</string>
    </set>
    <set name="package:com.android.providers.contacts">
        <string>label=Contacts Storage</string>
    </set>
    <set name="package:cm.aptoidetv.pt">
        <string>label=Aptoide TV</string>
    </set>
    <set name="package:com.liskovsoft.videomanager">
        <string>label=Smart YouTube TV</string>
    </set>
    <set name="package:jackpal.androidterm">
        <string>label=Terminal Emulator</string>
    </set>
    <set name="package:com.android.launcher">
        <string>label=USeeTV</string>
    </set>
    <set name="package:mark.via.gp">
        <string>label=Via</string>
    </set>
    <set name="package:com.nbs.useetvstb">
        <string>label=UseeTVGO</string>
    </set>
</map>
