
<rules>
  <service log="true">
    <component-filter name="com.sonyericsson.album/com.google.android.gms.auth.api.signin.RevocationBoundService" />
    <component-filter name="com.goplay.sport/com.google.android.gms.measurement.AppMeasurementJobService" />
    <component-filter name="com.goplay.sport/com.google.android.gms.auth.api.signin.RevocationBoundService" />
    <component-filter name="com.sonyericsson.album/.fastview.FastViewService" />
    <component-filter name="com.yacinenew.tv21.alpha/com.google.android.datatransport.runtime.scheduling.jobscheduling.JobInfoSchedulerService" />
    <component-filter name="com.yacinenew.tv21.alpha/com.google.android.gms.analytics.AnalyticsJobService" />
    <component-filter name="id.nf21.rbn1/com.google.firebase.messaging.FirebaseMessagingService" />
    <component-filter name="iflix.play/com.leanplum.LeanplumLocalPushListenerService" />
    <component-filter name="iflix.play/androidx.work.impl.background.systemjob.SystemJobService" />
    <component-filter name="com.spotify.tv.android/com.google.android.gms.measurement.AppMeasurementJobService" />
    <component-filter name="xyz.gl.moviein/com.onesignal.GcmIntentJobService" />
    <component-filter name="com.netflix.mediaclient/com.google.firebase.messaging.FirebaseMessagingService" />
    <component-filter name="com.goplay.sport/com.google.android.datatransport.runtime.scheduling.jobscheduling.JobInfoSchedulerService" />
    <component-filter name="com.goplay.sport/com.google.firebase.messaging.FirebaseMessagingService" />
    <component-filter name="in.startv.hotstar.dplus.tv/com.google.android.gms.measurement.AppMeasurementJobService" />
    <component-filter name="com.sonyericsson.album/.online.socialcloud.flickr.FlickrAuthenticatorService" />
    <component-filter name="xyz.gl.moviein/com.appnext.base.services.OperationJobService" />
    <component-filter name="com.sonyericsson.album/.amazon.service.AmazonDriveBackupSettingsService" />
    <component-filter name="id.nf21.rbn1/.fcm.MyFirebaseInstanceIDService" />
    <component-filter name="com.netflix.mediaclient/com.firebase.jobdispatcher.GooglePlayReceiver" />
    <component-filter name="com.android.browser/.widget.BookmarkThumbnailWidgetService" />
    <component-filter name="iflix.play/com.google.android.play.core.assetpacks.AssetPackExtractionService" />
    <component-filter name="xyz.gl.moviein/com.onesignal.RestoreKickoffJobService" />
    <component-filter name="id.nf21.rbn1/.fcm.MyFirebaseMessagingService" />
    <component-filter name="in.startv.hotstar.dplus.tv/com.evernote.android.job.v14.PlatformAlarmService" />
    <component-filter name="com.netflix.mediaclient/o.lg" />
    <component-filter name="xyz.gl.moviein/com.google.android.gms.auth.api.signin.RevocationBoundService" />
    <component-filter name="com.netflix.mediaclient/com.google.android.gms.auth.api.signin.RevocationBoundService" />
    <component-filter name="in.startv.hotstar.dplus.tv/com.evernote.android.job.gcm.PlatformGcmService" />
    <component-filter name="cm.aptoidetv.pt/.settings.account.service.AccountAuthenticatorService" />
    <component-filter name="xyz.gl.moviein/androidx.work.impl.background.systemjob.SystemJobService" />
    <component-filter name="com.netflix.mediaclient/com.google.firebase.iid.FirebaseInstanceIdService" />
    <component-filter name="iflix.play/com.google.android.gms.measurement.AppMeasurementJobService" />
    <component-filter name="in.startv.hotstar.dplus.tv/com.evernote.android.job.v21.PlatformJobService" />
    <component-filter name="xyz.gl.moviein/com.google.firebase.messaging.FirebaseMessagingService" />
    <component-filter name="xyz.gl.moviein/com.google.android.play.core.assetpacks.AssetPackExtractionService" />
    <component-filter name="in.startv.hotstar.dplus.tv/androidx.work.impl.background.systemjob.SystemJobService" />
    <component-filter name="in.startv.hotstar.dplus.tv/com.google.android.datatransport.runtime.scheduling.jobscheduling.JobInfoSchedulerService" />
    <component-filter name="xyz.gl.moviein/com.google.android.datatransport.runtime.scheduling.jobscheduling.JobInfoSchedulerService" />
    <component-filter name="iflix.play/com.google.firebase.messaging.FirebaseMessagingService" />
    <component-filter name="com.spotify.tv.android/.service.SpotifyMediaBrowseService" />
    <component-filter name="iflix.play/com.google.android.datatransport.runtime.scheduling.jobscheduling.JobInfoSchedulerService" />
    <component-filter name="iflix.play/my.com.iflix.mobile.push.FirebaseService" />
    <component-filter name="id.nf21.rbn1/com.google.android.gms.measurement.AppMeasurementJobService" />
    <component-filter name="com.liskovsoft.videomanager/com.liskovsoft.leanbackassistant.channels.SynchronizeDatabaseJobService" />
    <component-filter name="id.nf21.rbn1/com.google.firebase.iid.FirebaseInstanceIdService" />
    <component-filter name="xyz.gl.moviein/com.google.android.gms.measurement.AppMeasurementJobService" />
    <component-filter name="xyz.gl.moviein/com.startapp.sdk.adsbase.PeriodicJobService" />
    <component-filter name="jackpal.androidterm/.TermService" />
    <component-filter name="xyz.gl.moviein/com.onesignal.SyncJobService" />
    <component-filter name="com.sonyericsson.album/com.sonymobile.album.cinema.service.MarkInMigrationService" />
    <component-filter name="iflix.play/com.google.android.gms.auth.api.signin.RevocationBoundService" />
    <component-filter name="com.sonyericsson.album/com.firebase.jobdispatcher.GooglePlayReceiver" />
    <component-filter name="com.yacinenew.tv21.alpha/com.google.firebase.messaging.FirebaseMessagingService" />
    <component-filter name="cm.aptoidetv.pt/com.google.android.gms.auth.api.signin.RevocationBoundService" />
    <component-filter name="com.netflix.mediaclient/.service.fcm.FcmJobService" />
    <component-filter name="id.nf21.rbn1/com.startapp.android.publish.common.metaData.PeriodicJobService" />
    <component-filter name="com.estrongs.android.pop.pro/com.estrongs.android.pop.bt.OBEXFtpServerService" />
    <component-filter name="com.netflix.mediaclient/com.google.android.gms.measurement.AppMeasurementJobService" />
    <component-filter name="com.netflix.mediaclient/.service.fcm.FcmService" />
    <component-filter name="xyz.gl.moviein/com.onesignal.RestoreJobService" />
    <component-filter name="in.startv.hotstar.dplus.tv/com.evernote.android.job.JobRescheduleService" />
    <component-filter name="xyz.gl.moviein/.push.CustomNotificationService" />
    <intent-filter>
      <action name="com.google.firebase.MESSAGING_EVENT" />
      <action name="com.google.firebase.INSTANCE_ID_EVENT" />
    </intent-filter>
    <or>
      <sender type="system" />
      <not>
        <sender type="userId" />
      </not>
    </or>
  </service>
  <broadcast log="true">
    <component-filter name="com.netflix.mediaclient/.partner.PartnerInstallReceiver" />
    <component-filter name="com.liskovsoft.videomanager/com.liskovsoft.smartyoutubetv.receivers.ClearCacheReceiver" />
    <component-filter name="id.nf21.rbn1/com.google.android.gms.analytics.CampaignTrackingReceiver" />
    <component-filter name="com.android.providers.contacts/.ContactsUpgradeReceiver" />
    <component-filter name="xyz.gl.moviein/com.onesignal.GcmBroadcastReceiver" />
    <component-filter name="vi.tv.apps/com.tonikorin.cordova.plugin.autostart.BootCompletedReceiver" />
    <component-filter name="com.estrongs.android.pop.pro/com.baidu.share.message.ShareReceiver" />
    <component-filter name="xyz.gl.moviein/.receiver.OnClickNotificationDownloadingReceiver" />
    <component-filter name="cm.aptoidetv.pt/.receivers.CheckAppsForUploadReceiver" />
    <component-filter name="in.startv.hotstar.dplus.tv/com.google.android.gms.measurement.AppMeasurementInstallReferrerReceiver" />
    <component-filter name="com.android.providers.contacts/.PackageIntentReceiver" />
    <component-filter name="iflix.play/my.com.iflix.downloads.BootCompletedReceiver" />
    <component-filter name="xyz.gl.moviein/com.onesignal.BootUpReceiver" />
    <component-filter name="com.netflix.mediaclient/.ui.perf.PerfCaptureBroadcastReceiver" />
    <component-filter name="com.estrongs.android.pop.pro/com.estrongs.android.pop.app.CampaignReceiver" />
    <component-filter name="id.nf21.rbn1/com.startapp.android.publish.common.metaData.BootCompleteListener" />
    <component-filter name="com.sonyericsson.album/.video.player.controller.MediaButtonEventReceiver" />
    <component-filter name="com.sonyericsson.album/.amazon.AmazonDriveUploadReScheduler" />
    <component-filter name="me.kuder.diskinfo.pro/me.kuder.diskinfo.widget.DiskInfoWidget" />
    <component-filter name="com.netflix.mediaclient/.service.pushnotification.NotificationReceiver" />
    <component-filter name="id.nf21.rbn1/com.freshchat.consumer.sdk.receiver.FreshchatReceiver" />
    <component-filter name="com.goplay.sport/com.google.android.gms.measurement.AppMeasurementInstallReferrerReceiver" />
    <component-filter name="xyz.gl.moviein/.receiver.DownloadCompletedReceiver" />
    <component-filter name="com.netflix.mediaclient/com.google.firebase.iid.FirebaseInstanceIdReceiver" />
    <component-filter name="xyz.gl.moviein/com.onesignal.UpgradeReceiver" />
    <component-filter name="com.spotify.tv.android/.service.SpotifyTVService$BootStarter" />
    <component-filter name="com.goplay.sport/com.google.firebase.iid.FirebaseInstanceIdReceiver" />
    <component-filter name="cm.aptoidetv.pt/.remoteinstall.WifiListener" />
    <component-filter name="iflix.play/my.com.iflix.home.UpgradeReceiver" />
    <component-filter name="cm.aptoidetv.pt/com.aptoide.appusage.AppInstallationManager$InstallationReceiver" />
    <component-filter name="com.niklabs.pp/com.amazon.device.iap.ResponseReceiver" />
    <component-filter name="com.netflix.mediaclient/.service.pservice.PServiceWidgetProvider" />
    <component-filter name="com.estrongs.android.pop.pro/com.estrongs.android.pop.EnableOEMConfig" />
    <component-filter name="id.nf21.rbn1/com.google.firebase.iid.FirebaseInstanceIdReceiver" />
    <component-filter name="com.liskovsoft.videomanager/com.liskovsoft.leanbackassistant.channels.RunOnInstallReceiver" />
    <component-filter name="iflix.play/my.com.iflix.downloads.DownloadExpirationReceiver" />
    <component-filter name="com.android.providers.contacts/.PhoneAccountRegistrationReceiver" />
    <component-filter name="in.startv.hotstar.dplus.tv/in.startv.hotstar.CapabilityRequestReceiver" />
    <component-filter name="com.netflix.mediaclient/.ui.profiles.RestrictedProfilesReceiver" />
    <component-filter name="id.nf21.rbn1/com.google.android.gms.measurement.AppMeasurementInstallReferrerReceiver" />
    <component-filter name="com.yacinenew.tv21.alpha/com.google.firebase.iid.FirebaseInstanceIdReceiver" />
    <component-filter name="com.niklabs.pp/com.niklabs.perfectplayer.BootupReceiver" />
    <component-filter name="com.android.browser/.widget.BookmarkThumbnailWidgetProvider" />
    <component-filter name="com.estrongs.android.pop.pro/com.estrongs.android.pop.app.AudioPlayerService$MediaButtonReceiver" />
    <component-filter name="in.startv.hotstar.dplus.tv/in.startv.hotstar.receivers.BootCompletedReceiver" />
    <component-filter name="xyz.gl.moviein/com.google.firebase.iid.FirebaseInstanceIdReceiver" />
    <component-filter name="in.startv.hotstar.dplus.tv/androidx.work.impl.diagnostics.DiagnosticsReceiver" />
    <component-filter name="xyz.gl.moviein/com.startapp.sdk.adsbase.remoteconfig.BootCompleteListener" />
    <component-filter name="com.spotify.tv.android/com.google.firebase.iid.FirebaseInstanceIdReceiver" />
    <component-filter name="vi.tv.apps/com.tonikorin.cordova.plugin.autostart.UserPresentReceiver" />
    <component-filter name="com.netflix.mediaclient/.ui.preapp.PServiceWidgetProvider" />
    <component-filter name="in.startv.hotstar.dplus.tv/com.google.firebase.iid.FirebaseInstanceIdReceiver" />
    <component-filter name="com.netflix.mediaclient/.ui.memberreferral.ShareReceiver" />
    <component-filter name="xyz.gl.moviein/com.appnext.base.receivers.AppnextBootReciever" />
    <component-filter name="com.android.browser/.AccountsChangedReceiver" />
    <component-filter name="com.netflix.mediaclient/com.google.android.gms.measurement.AppMeasurementInstallReferrerReceiver" />
    <component-filter name="iflix.play/androidx.work.impl.diagnostics.DiagnosticsReceiver" />
    <component-filter name="com.netflix.mediaclient/.ui.preapp.PAppWidgetReceiver" />
    <component-filter name="iflix.play/my.com.iflix.mobile.ReferrerReceiver" />
    <component-filter name="com.sonyericsson.album/.receiver.DownloadCompleteReceiver" />
    <component-filter name="id.nf21.rbn1/com.freshchat.consumer.sdk.receiver.FreshchatNetworkChangeReceiver" />
    <component-filter name="com.android.browser/.OpenDownloadReceiver" />
    <component-filter name="com.sonyericsson.album/.faceeditor.MasterResetReceiver" />
    <component-filter name="com.netflix.mediaclient/.InstallReferrerReceiver" />
    <component-filter name="com.sonyericsson.album/.online.accounts.AccountReceiver" />
    <component-filter name="com.estrongs.android.pop.pro/com.estrongs.android.pop.app.InstallMonitorReceiver" />
    <component-filter name="iflix.play/my.com.iflix.core.utils.DeviceLocaleChangeReceiver" />
    <component-filter name="com.spotify.tv.android/.util.RemoteControlReceiver" />
    <component-filter name="vi.tv.apps/com.tonikorin.cordova.plugin.autostart.PackageReplacedReceiver" />
    <component-filter name="com.android.browser/.PreloadRequestReceiver" />
    <component-filter name="com.spotify.tv.android/com.google.android.gms.measurement.AppMeasurementInstallReferrerReceiver" />
    <component-filter name="com.android.providers.contacts/.LocaleChangeReceiver" />
    <component-filter name="com.netflix.mediaclient/.service.user.PartnerReceiver" />
    <component-filter name="iflix.play/com.google.firebase.iid.FirebaseInstanceIdReceiver" />
    <component-filter name="com.estrongs.android.pop.pro/com.estrongs.android.pop.app.StartServiceReceiver" />
    <intent-filter />
    <or>
      <sender type="system" />
      <not>
        <sender type="userId" />
      </not>
    </or>
  </broadcast>
  <broadcast block="true">
    <intent-filter>
      <action name="com.oasisfeng.greenify.action.SELF_CHECK" />
    </intent-filter>
  </broadcast>
</rules>