
<rules>
  <service log="true">
    <component-filter name="com.wDutafilm_9052710/io.presage.core.service.TJobService" />
    <component-filter name="com.premiumnew.one/com.google.firebase.messaging.FirebaseMessagingService" />
    <component-filter name="com.wDutafilm_9052710/com.google.firebase.messaging.FirebaseMessagingService" />
    <component-filter name="id.nf21.rbn1/com.google.firebase.messaging.FirebaseMessagingService" />
    <component-filter name="com.wDutafilm_9052710/io.presage.core.service.MCJobService" />
    <component-filter name="iflix.play/com.leanplum.LeanplumLocalPushListenerService" />
    <component-filter name="iflix.play/androidx.work.impl.background.systemjob.SystemJobService" />
    <component-filter name="com.wDutafilm_9052710/io.presage.core.service.AMJobService" />
    <component-filter name="com.spotify.tv.android/com.google.android.gms.measurement.AppMeasurementJobService" />
    <component-filter name="xyz.gl.moviein/com.onesignal.GcmIntentJobService" />
    <component-filter name="com.wDutafilm_9052710/com.onesignal.SyncJobService" />
    <component-filter name="com.premiumnew.one/com.google.firebase.iid.FirebaseInstanceIdService" />
    <component-filter name="com.dutafilm.nonton_indoxxi/com.startapp.sdk.adsbase.PeriodicJobService" />
    <component-filter name="com.netflix.mediaclient/com.google.firebase.messaging.FirebaseMessagingService" />
    <component-filter name="com.premiumnew.one/com.onesignal.SyncJobService" />
    <component-filter name="com.wDutafilm_9052710/com.google.firebase.iid.FirebaseInstanceIdService" />
    <component-filter name="com.premiumnew.one/com.onesignal.GcmIntentJobService" />
    <component-filter name="ru.FqjhopZP.lZVUCOfBR/com.chelpus.TransferFilesService" />
    <component-filter name="com.wDutafilm_9052710/io.presage.common.profig.schedule.ProfigJobService" />
    <component-filter name="com.wDutafilm_9052710/com.onesignal.GcmIntentJobService" />
    <component-filter name="xyz.gl.moviein/com.appnext.base.services.OperationJobService" />
    <component-filter name="ru.FqjhopZP.lZVUCOfBR/com.google.android.finsky.services.LicensingService" />
    <component-filter name="id.nf21.rbn1/.fcm.MyFirebaseInstanceIDService" />
    <component-filter name="com.netflix.mediaclient/com.firebase.jobdispatcher.GooglePlayReceiver" />
    <component-filter name="iflix.play/com.google.android.play.core.assetpacks.AssetPackExtractionService" />
    <component-filter name="xyz.gl.moviein/com.onesignal.RestoreKickoffJobService" />
    <component-filter name="ru.FqjhopZP.lZVUCOfBR/com.google.android.finsky.billing.iab.InAppBillingService" />
    <component-filter name="id.nf21.rbn1/.fcm.MyFirebaseMessagingService" />
    <component-filter name="com.netflix.mediaclient/o.lg" />
    <component-filter name="xyz.gl.moviein/com.google.android.gms.auth.api.signin.RevocationBoundService" />
    <component-filter name="com.premiumnew.one/com.onesignal.RestoreKickoffJobService" />
    <component-filter name="com.netflix.mediaclient/com.google.android.gms.auth.api.signin.RevocationBoundService" />
    <component-filter name="com.wDutafilm_9052710/com.yandex.metrica.MetricaService" />
    <component-filter name="cm.aptoidetv.pt/.settings.account.service.AccountAuthenticatorService" />
    <component-filter name="ru.FqjhopZP.lZVUCOfBR/com.ui.TestService" />
    <component-filter name="xyz.gl.moviein/androidx.work.impl.background.systemjob.SystemJobService" />
    <component-filter name="com.netflix.mediaclient/com.google.firebase.iid.FirebaseInstanceIdService" />
    <component-filter name="iflix.play/com.google.android.gms.measurement.AppMeasurementJobService" />
    <component-filter name="com.premiumnew.one/com.onesignal.RestoreJobService" />
    <component-filter name="xyz.gl.moviein/com.google.firebase.messaging.FirebaseMessagingService" />
    <component-filter name="xyz.gl.moviein/com.google.android.play.core.assetpacks.AssetPackExtractionService" />
    <component-filter name="xyz.gl.moviein/com.google.android.datatransport.runtime.scheduling.jobscheduling.JobInfoSchedulerService" />
    <component-filter name="iflix.play/com.google.firebase.messaging.FirebaseMessagingService" />
    <component-filter name="com.spotify.tv.android/.service.SpotifyMediaBrowseService" />
    <component-filter name="com.wDutafilm_9052710/org.altbeacon.bluetooth.BluetoothTestJob" />
    <component-filter name="iflix.play/com.google.android.datatransport.runtime.scheduling.jobscheduling.JobInfoSchedulerService" />
    <component-filter name="iflix.play/my.com.iflix.mobile.push.FirebaseService" />
    <component-filter name="id.nf21.rbn1/com.google.android.gms.measurement.AppMeasurementJobService" />
    <component-filter name="com.liskovsoft.videomanager/com.liskovsoft.leanbackassistant.channels.SynchronizeDatabaseJobService" />
    <component-filter name="id.nf21.rbn1/com.google.firebase.iid.FirebaseInstanceIdService" />
    <component-filter name="xyz.gl.moviein/com.google.android.gms.measurement.AppMeasurementJobService" />
    <component-filter name="xyz.gl.moviein/com.startapp.sdk.adsbase.PeriodicJobService" />
    <component-filter name="jackpal.androidterm/.TermService" />
    <component-filter name="com.wDutafilm_9052710/org.altbeacon.beacon.service.ScanJob" />
    <component-filter name="com.wDutafilm_9052710/com.onesignal.RestoreKickoffJobService" />
    <component-filter name="com.wDutafilm_9052710/com.startapp.android.publish.common.metaData.PeriodicJobService" />
    <component-filter name="xyz.gl.moviein/com.onesignal.SyncJobService" />
    <component-filter name="com.wDutafilm_9052710/com.onesignal.RestoreJobService" />
    <component-filter name="iflix.play/com.google.android.gms.auth.api.signin.RevocationBoundService" />
    <component-filter name="cm.aptoidetv.pt/com.google.android.gms.auth.api.signin.RevocationBoundService" />
    <component-filter name="com.netflix.mediaclient/.service.fcm.FcmJobService" />
    <component-filter name="id.nf21.rbn1/com.startapp.android.publish.common.metaData.PeriodicJobService" />
    <component-filter name="com.estrongs.android.pop.pro/com.estrongs.android.pop.bt.OBEXFtpServerService" />
    <component-filter name="com.netflix.mediaclient/com.google.android.gms.measurement.AppMeasurementJobService" />
    <component-filter name="com.netflix.mediaclient/.service.fcm.FcmService" />
    <component-filter name="xyz.gl.moviein/com.onesignal.RestoreJobService" />
    <component-filter name="xyz.gl.moviein/.push.CustomNotificationService" />
    <intent-filter>
      <action name="com.android.vending.licensing.ILicensingService" />
      <action name="com.ui.ITestServiceInterface.BIND" />
      <action name="com.android.vending.billing.InAppBillingService.LUCM" />
      <action name="com.android.vending.billing.InAppBillingService.PROX" />
      <action name="com.android.vending.billing.InAppBillingService.INST" />
      <action name="com.nokia.payment.iapenabler.InAppBillingService.BIND" />
      <action name="ru.FqjhopZP.lZVUCOfBR" />
      <action name="com.android.vending.billing.InAppBillingService.COIN" />
      <action name="ir.cafebazaar.pardakht.InAppBillingService.BIND" />
      <action name="com.google.firebase.MESSAGING_EVENT" />
      <action name="com.chelpus.TransferFilesService.ITransferFilesServiceInterface.BIND" />
      <action name="com.android.vending.billing.InAppBillingService.COIO" />
      <action name="com.google.firebase.INSTANCE_ID_EVENT" />
    </intent-filter>
    <or>
      <sender type="system" />
      <not>
        <sender type="userId" />
      </not>
    </or>
  </service>
  <broadcast log="true">
    <component-filter name="com.netflix.mediaclient/.partner.PartnerInstallReceiver" />
    <component-filter name="com.liskovsoft.videomanager/com.liskovsoft.smartyoutubetv.receivers.ClearCacheReceiver" />
    <component-filter name="id.nf21.rbn1/com.google.android.gms.analytics.CampaignTrackingReceiver" />
    <component-filter name="com.android.providers.contacts/.ContactsUpgradeReceiver" />
    <component-filter name="xyz.gl.moviein/com.onesignal.GcmBroadcastReceiver" />
    <component-filter name="vi.tv.apps/com.tonikorin.cordova.plugin.autostart.BootCompletedReceiver" />
    <component-filter name="com.estrongs.android.pop.pro/com.baidu.share.message.ShareReceiver" />
    <component-filter name="xyz.gl.moviein/.receiver.OnClickNotificationDownloadingReceiver" />
    <component-filter name="cm.aptoidetv.pt/.receivers.CheckAppsForUploadReceiver" />
    <component-filter name="com.wDutafilm_9052710/io.presage.core.receiver.BluetoothReceiver" />
    <component-filter name="com.android.providers.contacts/.PackageIntentReceiver" />
    <component-filter name="ru.FqjhopZP.lZVUCOfBR/com.ui.widgets.AndroidPatchWidget" />
    <component-filter name="iflix.play/my.com.iflix.downloads.BootCompletedReceiver" />
    <component-filter name="xyz.gl.moviein/com.onesignal.BootUpReceiver" />
    <component-filter name="com.netflix.mediaclient/.ui.perf.PerfCaptureBroadcastReceiver" />
    <component-filter name="com.wDutafilm_9052710/io.presage.core.receiver.BootCompletedReceiver" />
    <component-filter name="com.estrongs.android.pop.pro/com.estrongs.android.pop.app.CampaignReceiver" />
    <component-filter name="ru.FqjhopZP.lZVUCOfBR/.PackageChangeReceiver" />
    <component-filter name="id.nf21.rbn1/com.startapp.android.publish.common.metaData.BootCompleteListener" />
    <component-filter name="com.wDutafilm_9052710/com.tapjoy.InstallReferrerReceiver" />
    <component-filter name="ru.FqjhopZP.lZVUCOfBR/com.ui.widgets.proxyGP_widget" />
    <component-filter name="com.wDutafilm_9052710/io.presage.core.receiver.TimeSetReceiver" />
    <component-filter name="me.kuder.diskinfo.pro/me.kuder.diskinfo.widget.DiskInfoWidget" />
    <component-filter name="com.wDutafilm_9052710/com.startapp.android.publish.common.metaData.BootCompleteListener" />
    <component-filter name="com.netflix.mediaclient/.service.pushnotification.NotificationReceiver" />
    <component-filter name="id.nf21.rbn1/com.freshchat.consumer.sdk.receiver.FreshchatReceiver" />
    <component-filter name="com.premiumnew.one/com.google.firebase.iid.FirebaseInstanceIdReceiver" />
    <component-filter name="xyz.gl.moviein/.receiver.DownloadCompletedReceiver" />
    <component-filter name="com.netflix.mediaclient/com.google.firebase.iid.FirebaseInstanceIdReceiver" />
    <component-filter name="xyz.gl.moviein/com.onesignal.UpgradeReceiver" />
    <component-filter name="com.spotify.tv.android/.service.SpotifyTVService$BootStarter" />
    <component-filter name="ru.FqjhopZP.lZVUCOfBR/com.ui.widgets.BinderWidget" />
    <component-filter name="com.wDutafilm_9052710/io.presage.core.receiver.NextAlarmClockChangedReceiver" />
    <component-filter name="ru.FqjhopZP.lZVUCOfBR/com.ui.widgets.lvl_widget" />
    <component-filter name="com.wDutafilm_9052710/io.presage.core.receiver.PackageFullyRemovedReceiver" />
    <component-filter name="cm.aptoidetv.pt/.remoteinstall.WifiListener" />
    <component-filter name="iflix.play/my.com.iflix.home.UpgradeReceiver" />
    <component-filter name="cm.aptoidetv.pt/com.aptoide.appusage.AppInstallationManager$InstallationReceiver" />
    <component-filter name="com.niklabs.pp/com.amazon.device.iap.ResponseReceiver" />
    <component-filter name="com.netflix.mediaclient/.service.pservice.PServiceWidgetProvider" />
    <component-filter name="com.estrongs.android.pop.pro/com.estrongs.android.pop.EnableOEMConfig" />
    <component-filter name="id.nf21.rbn1/com.google.firebase.iid.FirebaseInstanceIdReceiver" />
    <component-filter name="com.liskovsoft.videomanager/com.liskovsoft.leanbackassistant.channels.RunOnInstallReceiver" />
    <component-filter name="iflix.play/my.com.iflix.downloads.DownloadExpirationReceiver" />
    <component-filter name="com.android.providers.contacts/.PhoneAccountRegistrationReceiver" />
    <component-filter name="com.netflix.mediaclient/.ui.profiles.RestrictedProfilesReceiver" />
    <component-filter name="com.wDutafilm_9052710/io.presage.core.receiver.UserPresentReceiver" />
    <component-filter name="ru.FqjhopZP.lZVUCOfBR/.BinderBootReceiver" />
    <component-filter name="id.nf21.rbn1/com.google.android.gms.measurement.AppMeasurementInstallReferrerReceiver" />
    <component-filter name="com.wDutafilm_9052710/com.appnext.base.receivers.imp.bootreceiver" />
    <component-filter name="com.dutafilm.nonton_indoxxi/com.startapp.sdk.adsbase.remoteconfig.BootCompleteListener" />
    <component-filter name="com.wDutafilm_9052710/com.vungle.warren.NetworkStateReceiver" />
    <component-filter name="com.wDutafilm_9052710/com.appsgeyser.sdk.datasdk.DataSdksReceiver" />
    <component-filter name="com.niklabs.pp/com.niklabs.perfectplayer.BootupReceiver" />
    <component-filter name="com.estrongs.android.pop.pro/com.estrongs.android.pop.app.AudioPlayerService$MediaButtonReceiver" />
    <component-filter name="com.wDutafilm_9052710/io.presage.core.receiver.CarrierConfigChangedReceiver" />
    <component-filter name="xyz.gl.moviein/com.google.firebase.iid.FirebaseInstanceIdReceiver" />
    <component-filter name="xyz.gl.moviein/com.startapp.sdk.adsbase.remoteconfig.BootCompleteListener" />
    <component-filter name="com.spotify.tv.android/com.google.firebase.iid.FirebaseInstanceIdReceiver" />
    <component-filter name="vi.tv.apps/com.tonikorin.cordova.plugin.autostart.UserPresentReceiver" />
    <component-filter name="com.wDutafilm_9052710/com.onesignal.GcmBroadcastReceiver" />
    <component-filter name="com.netflix.mediaclient/.ui.preapp.PServiceWidgetProvider" />
    <component-filter name="com.wDutafilm_9052710/com.onesignal.BootUpReceiver" />
    <component-filter name="ru.FqjhopZP.lZVUCOfBR/.OnBootReceiver" />
    <component-filter name="com.netflix.mediaclient/.ui.memberreferral.ShareReceiver" />
    <component-filter name="xyz.gl.moviein/com.appnext.base.receivers.AppnextBootReciever" />
    <component-filter name="com.wDutafilm_9052710/io.presage.core.receiver.EventReminderReceiver" />
    <component-filter name="com.netflix.mediaclient/com.google.android.gms.measurement.AppMeasurementInstallReferrerReceiver" />
    <component-filter name="iflix.play/androidx.work.impl.diagnostics.DiagnosticsReceiver" />
    <component-filter name="com.netflix.mediaclient/.ui.preapp.PAppWidgetReceiver" />
    <component-filter name="ru.FqjhopZP.lZVUCOfBR/com.ui.widgets.AppDisablerWidget" />
    <component-filter name="iflix.play/my.com.iflix.mobile.ReferrerReceiver" />
    <component-filter name="com.wDutafilm_9052710/io.presage.core.receiver.AlarmReceiver" />
    <component-filter name="com.premiumnew.one/com.onesignal.UpgradeReceiver" />
    <component-filter name="com.wDutafilm_9052710/com.onesignal.UpgradeReceiver" />
    <component-filter name="id.nf21.rbn1/com.freshchat.consumer.sdk.receiver.FreshchatNetworkChangeReceiver" />
    <component-filter name="com.wDutafilm_9052710/com.appsgeyser.sdk.push.PushStarterReceiver" />
    <component-filter name="com.wDutafilm_9052710/com.google.firebase.iid.FirebaseInstanceIdReceiver" />
    <component-filter name="ru.FqjhopZP.lZVUCOfBR/.OnAlarmReceiver" />
    <component-filter name="com.netflix.mediaclient/.InstallReferrerReceiver" />
    <component-filter name="ru.FqjhopZP.lZVUCOfBR/com.ui.widgets.inapp_widget" />
    <component-filter name="com.estrongs.android.pop.pro/com.estrongs.android.pop.app.InstallMonitorReceiver" />
    <component-filter name="iflix.play/my.com.iflix.core.utils.DeviceLocaleChangeReceiver" />
    <component-filter name="com.spotify.tv.android/.util.RemoteControlReceiver" />
    <component-filter name="com.premiumnew.one/com.onesignal.GcmBroadcastReceiver" />
    <component-filter name="vi.tv.apps/com.tonikorin.cordova.plugin.autostart.PackageReplacedReceiver" />
    <component-filter name="com.spotify.tv.android/com.google.android.gms.measurement.AppMeasurementInstallReferrerReceiver" />
    <component-filter name="com.premiumnew.one/com.onesignal.BootUpReceiver" />
    <component-filter name="com.android.providers.contacts/.LocaleChangeReceiver" />
    <component-filter name="com.netflix.mediaclient/.service.user.PartnerReceiver" />
    <component-filter name="iflix.play/com.google.firebase.iid.FirebaseInstanceIdReceiver" />
    <component-filter name="com.wDutafilm_9052710/com.yandex.metrica.MetricaEventHandler" />
    <component-filter name="com.estrongs.android.pop.pro/com.estrongs.android.pop.app.StartServiceReceiver" />
    <intent-filter />
    <or>
      <sender type="system" />
      <not>
        <sender type="userId" />
      </not>
    </or>
  </broadcast>
  <broadcast block="true">
    <intent-filter>
      <action name="com.oasisfeng.greenify.action.SELF_CHECK" />
    </intent-filter>
  </broadcast>
</rules>