
<rules>
  <service log="true">
    <component-filter name="com.zte.iptvclient.android.idmnc/com.google.android.gms.measurement.AppMeasurementJobService" />
    <component-filter name="iflix.play/com.google.firebase.iid.FirebaseInstanceIdService" />
    <component-filter name="com.viki.android/.tv.channels.SyncChannelJobService" />
    <component-filter name="com.viki.android/com.google.android.gms.auth.api.signin.RevocationBoundService" />
    <component-filter name="iflix.play/com.swrve.sdk.SwrveEventSenderJobIntentService" />
    <component-filter name="com.zte.iptvclient.android.idmnc/com.google.firebase.messaging.FirebaseMessagingService" />
    <component-filter name="id.nf21.rbn1/com.google.firebase.messaging.FirebaseMessagingService" />
    <component-filter name="com.redstream.app/com.onesignal.RestoreKickoffJobService" />
    <component-filter name="com.speedsoftware.rootexplorer/com.google.firebase.iid.FirebaseInstanceIdService" />
    <component-filter name="com.vidio.android.tv/com.google.android.gms.measurement.AppMeasurementJobService" />
    <component-filter name="com.speedsoftware.rootexplorer/com.google.android.gms.auth.api.signin.RevocationBoundService" />
    <component-filter name="com.redstream.app/com.onesignal.SyncJobService" />
    <component-filter name="com.google.android.syncadapters.contacts/.delegation.DelegatorService" />
    <component-filter name="com.google.android.tts/.service.GoogleTTSService" />
    <component-filter name="com.nordvpn.android/com.google.android.gms.measurement.AppMeasurementJobService" />
    <component-filter name="com.netflix.mediaclient/com.google.firebase.messaging.FirebaseMessagingService" />
    <component-filter name="com.vidio.android.tv/com.google.android.datatransport.runtime.scheduling.jobscheduling.JobInfoSchedulerService" />
    <component-filter name="iflix.play/com.swrve.sdk.push.SwrvePushServiceDefaultJobIntentService" />
    <component-filter name="com.nordvpn.android/.vpnService.NordVPNService" />
    <component-filter name="com.zte.iptvclient.android.idmnc/com.google.android.gms.analytics.AnalyticsJobService" />
    <component-filter name="id.nf21.rbn1/.fcm.MyFirebaseInstanceIDService" />
    <component-filter name="com.netflix.mediaclient/com.firebase.jobdispatcher.GooglePlayReceiver" />
    <component-filter name="org.xbmc.kodi/.channels.SyncProgramsJobService" />
    <component-filter name="com.zte.iptvclient.android.idmnc/.firebase.MyFirebaseInstanceIDService" />
    <component-filter name="com.redstream.app/com.onesignal.GcmIntentJobService" />
    <component-filter name="com.redstream.app/com.onesignal.RestoreJobService" />
    <component-filter name="com.viki.android/.tv.channels.SyncProgramsJobService" />
    <component-filter name="id.nf21.rbn1/.fcm.MyFirebaseMessagingService" />
    <component-filter name="com.netflix.mediaclient/o.lg" />
    <component-filter name="com.vidio.android.tv/com.google.android.gms.analytics.AnalyticsJobService" />
    <component-filter name="org.xbmc.kodi/.channels.SyncChannelJobService" />
    <component-filter name="com.vidio.android.tv/com.google.firebase.messaging.FirebaseMessagingService" />
    <component-filter name="com.netflix.mediaclient/com.google.android.gms.auth.api.signin.RevocationBoundService" />
    <component-filter name="com.zte.iptvclient.android.idmnc/com.google.android.gms.auth.api.signin.RevocationBoundService" />
    <component-filter name="com.android.launcher/com.zte.iptvclient.android.launcher.LauncherService" />
    <component-filter name="cm.aptoidetv.pt/.settings.account.service.AccountAuthenticatorService" />
    <component-filter name="com.nordvpn.android/com.google.firebase.messaging.FirebaseMessagingService" />
    <component-filter name="com.netflix.mediaclient/com.google.firebase.iid.FirebaseInstanceIdService" />
    <component-filter name="iflix.play/com.google.android.gms.measurement.AppMeasurementJobService" />
    <component-filter name="iflix.play/com.google.firebase.messaging.FirebaseMessagingService" />
    <component-filter name="com.spotify.tv.android/.service.SpotifyMediaBrowseService" />
    <component-filter name="com.viki.android/com.google.android.gms.measurement.AppMeasurementJobService" />
    <component-filter name="com.nordvpn.android/.quicksettings.QuickSettingsService" />
    <component-filter name="id.nf21.rbn1/com.google.android.gms.measurement.AppMeasurementJobService" />
    <component-filter name="com.liskovsoft.videomanager/com.liskovsoft.leanbackassistant.channels.SynchronizeDatabaseJobService" />
    <component-filter name="com.cmcm.cleanmaster.tv/com.cmtv.security.CrashReportService" />
    <component-filter name="id.nf21.rbn1/com.google.firebase.iid.FirebaseInstanceIdService" />
    <component-filter name="com.redstream.app/com.google.android.gms.measurement.AppMeasurementJobService" />
    <component-filter name="jackpal.androidterm/.TermService" />
    <component-filter name="com.gilzcleaner.app/com.applisto.appremium.service.RemoteService" />
    <component-filter name="com.player.zaltv/com.google.firebase.iid.FirebaseInstanceIdService" />
    <component-filter name="com.redstream.app/com.google.firebase.messaging.FirebaseMessagingService" />
    <component-filter name="com.nordvpn.android/com.google.android.datatransport.runtime.scheduling.jobscheduling.JobInfoSchedulerService" />
    <component-filter name="com.zte.iptvclient.android.idmnc/com.google.firebase.iid.FirebaseInstanceIdService" />
    <component-filter name="com.viki.android/com.google.android.gms.analytics.AnalyticsJobService" />
    <component-filter name="com.player.zaltv/com.google.android.gms.measurement.AppMeasurementJobService" />
    <component-filter name="com.vidio.android.tv/com.google.android.exoplayer2.scheduler.PlatformScheduler$PlatformSchedulerService" />
    <component-filter name="iflix.play/com.google.android.gms.auth.api.signin.RevocationBoundService" />
    <component-filter name="iflix.play/my.com.iflix.mobile.push.FirebaseMessagingService" />
    <component-filter name="com.nordvpn.android/androidx.work.impl.background.systemjob.SystemJobService" />
    <component-filter name="cm.aptoidetv.pt/com.google.android.gms.auth.api.signin.RevocationBoundService" />
    <component-filter name="com.netflix.mediaclient/.service.fcm.FcmJobService" />
    <component-filter name="id.nf21.rbn1/com.startapp.android.publish.common.metaData.PeriodicJobService" />
    <component-filter name="com.estrongs.android.pop.pro/com.estrongs.android.pop.bt.OBEXFtpServerService" />
    <component-filter name="com.netflix.mediaclient/com.google.android.gms.measurement.AppMeasurementJobService" />
    <component-filter name="com.google.android.syncadapters.contacts/.SyncHighResPhotoIntentService" />
    <component-filter name="com.nordvpn.android/com.google.android.gms.analytics.AnalyticsJobService" />
    <component-filter name="com.netflix.mediaclient/.service.fcm.FcmService" />
    <intent-filter>
      <action name="com.google.firebase.MESSAGING_EVENT" />
      <action name="android.intent.action.TTS_SERVICE" />
      <action name="com.google.firebase.INSTANCE_ID_EVENT" />
    </intent-filter>
    <or>
      <sender type="system" />
      <not>
        <sender type="userId" />
      </not>
    </or>
  </service>
  <broadcast log="true">
    <component-filter name="com.nordvpn.android/org.apkupdater.sdk.internal.apkDownloader.DownloadReceiver" />
    <component-filter name="com.netflix.mediaclient/.partner.PartnerInstallReceiver" />
    <component-filter name="com.liskovsoft.videomanager/com.liskovsoft.smartyoutubetv.receivers.ClearCacheReceiver" />
    <component-filter name="com.redstream.app/com.google.android.gms.measurement.AppMeasurementInstallReferrerReceiver" />
    <component-filter name="id.nf21.rbn1/com.google.android.gms.analytics.CampaignTrackingReceiver" />
    <component-filter name="com.android.providers.contacts/.ContactsUpgradeReceiver" />
    <component-filter name="com.estrongs.android.pop.pro/com.baidu.share.message.ShareReceiver" />
    <component-filter name="com.redstream.app/com.google.firebase.iid.FirebaseInstanceIdReceiver" />
    <component-filter name="cm.aptoidetv.pt/.receivers.CheckAppsForUploadReceiver" />
    <component-filter name="com.android.providers.contacts/.PackageIntentReceiver" />
    <component-filter name="com.viki.android/com.facebook.CampaignTrackingReceiver" />
    <component-filter name="com.viki.android/com.kochava.base.ReferralReceiver" />
    <component-filter name="com.google.android.syncadapters.contacts/.ContactsSyncAdapterBroadcastReceiver" />
    <component-filter name="com.nordvpn.android/.broadcastReceivers.PackageReplacedReceiver" />
    <component-filter name="com.netflix.mediaclient/.ui.perf.PerfCaptureBroadcastReceiver" />
    <component-filter name="com.estrongs.android.pop.pro/com.estrongs.android.pop.app.CampaignReceiver" />
    <component-filter name="id.nf21.rbn1/com.startapp.android.publish.common.metaData.BootCompleteListener" />
    <component-filter name="iflix.play/com.google.android.gms.measurement.AppMeasurementInstallReferrerReceiver" />
    <component-filter name="com.speedsoftware.rootexplorer/com.google.android.gms.measurement.AppMeasurementInstallReferrerReceiver" />
    <component-filter name="com.dv.adm.pay/.Deep" />
    <component-filter name="com.viki.android/.tv.receiver.AmazonReceiver" />
    <component-filter name="com.spotify.tv.android/.service.SpotifyTVServiceStarter" />
    <component-filter name="me.kuder.diskinfo.pro/me.kuder.diskinfo.widget.DiskInfoWidget" />
    <component-filter name="com.netflix.mediaclient/.service.pushnotification.NotificationReceiver" />
    <component-filter name="com.viki.android/.receivers.ProgramRemovedReceiver" />
    <component-filter name="id.nf21.rbn1/com.freshchat.consumer.sdk.receiver.FreshchatReceiver" />
    <component-filter name="com.netflix.mediaclient/com.google.firebase.iid.FirebaseInstanceIdReceiver" />
    <component-filter name="com.nordvpn.android/.broadcastReceivers.OnBootReceiver" />
    <component-filter name="cm.aptoidetv.pt/.remoteinstall.WifiListener" />
    <component-filter name="iflix.play/my.com.iflix.home.UpgradeReceiver" />
    <component-filter name="cm.aptoidetv.pt/com.aptoide.appusage.AppInstallationManager$InstallationReceiver" />
    <component-filter name="com.niklabs.pp/com.amazon.device.iap.ResponseReceiver" />
    <component-filter name="com.nordvpn.android/.broadcastReceivers.InstallReferrerReceiver" />
    <component-filter name="com.player.zaltv/com.google.android.gms.measurement.AppMeasurementInstallReferrerReceiver" />
    <component-filter name="com.google.android.tts/.local.voicepack.lorry.DownloadBroadcastReceiver" />
    <component-filter name="com.nordvpn.android/.snooze.SnoozeReceiver" />
    <component-filter name="com.zte.iptvclient.android.idmnc/com.appsflyer.SingleInstallBroadcastReceiver" />
    <component-filter name="com.netflix.mediaclient/.service.pservice.PServiceWidgetProvider" />
    <component-filter name="com.estrongs.android.pop.pro/com.estrongs.android.pop.EnableOEMConfig" />
    <component-filter name="id.nf21.rbn1/com.google.firebase.iid.FirebaseInstanceIdReceiver" />
    <component-filter name="com.liskovsoft.videomanager/com.liskovsoft.leanbackassistant.channels.RunOnInstallReceiver" />
    <component-filter name="iflix.play/my.com.iflix.downloads.DownloadExpirationReceiver" />
    <component-filter name="com.android.providers.contacts/.PhoneAccountRegistrationReceiver" />
    <component-filter name="com.netflix.mediaclient/.ui.profiles.RestrictedProfilesReceiver" />
    <component-filter name="com.zte.iptvclient.android.idmnc/com.google.android.gms.measurement.AppMeasurementInstallReferrerReceiver" />
    <component-filter name="com.nordvpn.android/com.google.firebase.iid.FirebaseInstanceIdReceiver" />
    <component-filter name="com.android.launcher/com.zte.iptvclient.android.launcher.common.AppBroadcastReceiver" />
    <component-filter name="com.viki.android/.receivers.InitializeChannelsReceiver" />
    <component-filter name="com.viki.android/com.quantcast.measurement.service.QCReferrerReceiver" />
    <component-filter name="com.liskovsoft.videomanager.kids/com.liskovsoft.smartyoutubetv.receivers.ClearCacheReceiver" />
    <component-filter name="id.nf21.rbn1/com.google.android.gms.measurement.AppMeasurementInstallReferrerReceiver" />
    <component-filter name="com.zte.iptvclient.android.idmnc/.helpers.NetworkStateReceiver" />
    <component-filter name="com.nordvpn.android/com.appsflyer.MultipleInstallBroadcastReceiver" />
    <component-filter name="com.niklabs.pp/com.niklabs.perfectplayer.BootupReceiver" />
    <component-filter name="com.speedsoftware.rootexplorer/com.google.firebase.iid.FirebaseInstanceIdReceiver" />
    <component-filter name="com.estrongs.android.pop.pro/com.estrongs.android.pop.app.AudioPlayerService$MediaButtonReceiver" />
    <component-filter name="com.nordvpn.android/com.amazon.device.iap.ResponseReceiver" />
    <component-filter name="com.viki.android/.tv.receiver.TestAmazonReceiver" />
    <component-filter name="com.netflix.mediaclient/.ui.preapp.PServiceWidgetProvider" />
    <component-filter name="org.xbmc.kodi/.XBMCBroadcastReceiver" />
    <component-filter name="com.redstream.app/com.onesignal.UpgradeReceiver" />
    <component-filter name="iflix.play/my.com.iflix.downloads.BootCompleteReceiver" />
    <component-filter name="com.netflix.mediaclient/.ui.memberreferral.ShareReceiver" />
    <component-filter name="com.netflix.mediaclient/com.google.android.gms.measurement.AppMeasurementInstallReferrerReceiver" />
    <component-filter name="com.netflix.mediaclient/.ui.preapp.PAppWidgetReceiver" />
    <component-filter name="iflix.play/my.com.iflix.mobile.ReferrerReceiver" />
    <component-filter name="id.nf21.rbn1/com.freshchat.consumer.sdk.receiver.FreshchatNetworkChangeReceiver" />
    <component-filter name="com.gilzcleaner.app/com.rambooster.ram.ramcleanes.ScreenReceiver" />
    <component-filter name="com.vidio.android.tv/com.google.firebase.iid.FirebaseInstanceIdReceiver" />
    <component-filter name="com.netflix.mediaclient/.InstallReferrerReceiver" />
    <component-filter name="com.estrongs.android.pop.pro/com.estrongs.android.pop.app.InstallMonitorReceiver" />
    <component-filter name="com.player.zaltv/com.google.firebase.iid.FirebaseInstanceIdReceiver" />
    <component-filter name="com.redstream.app/com.onesignal.BootUpReceiver" />
    <component-filter name="com.viki.android/com.google.firebase.iid.FirebaseInstanceIdReceiver" />
    <component-filter name="iflix.play/my.com.iflix.core.utils.DeviceLocaleChangeReceiver" />
    <component-filter name="com.spotify.tv.android/.util.RemoteControlReceiver" />
    <component-filter name="com.zte.iptvclient.android.idmnc/com.google.firebase.iid.FirebaseInstanceIdReceiver" />
    <component-filter name="com.redstream.app/com.vungle.warren.NetworkProviderReceiver" />
    <component-filter name="com.iptv.dunia/.LaunchAtBootReceiver" />
    <component-filter name="com.redstream.app/com.onesignal.GcmBroadcastReceiver" />
    <component-filter name="com.android.providers.contacts/.LocaleChangeReceiver" />
    <component-filter name="com.redstream.app/com.tapjoy.InstallReferrerReceiver" />
    <component-filter name="com.netflix.mediaclient/.service.user.PartnerReceiver" />
    <component-filter name="iflix.play/com.google.firebase.iid.FirebaseInstanceIdReceiver" />
    <component-filter name="com.player.zaltv/.receivers.BootReceiver" />
    <component-filter name="com.viki.android/.receivers.InstallReferrerReceiver" />
    <component-filter name="com.estrongs.android.pop.pro/com.estrongs.android.pop.app.StartServiceReceiver" />
    <component-filter name="iflix.play/com.swrve.sdk.SwrveNotificationEngageReceiver" />
    <component-filter name="com.gilzcleaner.app/com.applisto.appremium.classes.DefaultProvider$DefaultReceiver" />
    <intent-filter />
    <or>
      <sender type="system" />
      <not>
        <sender type="userId" />
      </not>
    </or>
  </broadcast>
  <broadcast block="true">
    <intent-filter>
      <action name="com.oasisfeng.greenify.action.SELF_CHECK" />
    </intent-filter>
  </broadcast>
</rules>